CARB Profile,Wt. %
3340,0.001016971
3305,4.05E-07
3305,8.83E-01
3340,0.113967534
3340,0.002244422
