CARB Profile,Wt. %
3347,0.223347001
3352,0.03015807
3343,0.297366681
3343,0.102114075
3343,0.23802231
3347,0.083722886
3343,0.009778153
3343,0.008476221
3343,0.007014604
