# Chemical Name,Group,HAP,SPECIATE_ID,O:C,log(C*),SOA Yield,MIR,Emissions [kg/person/year],% of Emissions
Ethanol,oxygenated,FALSE,442.0,0.5,8.0,0.0,3.44,0.04938732750000001,89.23860126735163
Formic Acid,oxygenated,FALSE,466.0,2.0,8.07,0.0,4.7,0.004222428,7.629559803010215
Benzene Derivates,aromatic,TRUE,303.0,0.0,8.6,0.423,0.721,0.0006748344750000001,1.2193671470882397
n-Butane,n-alkane,FALSE,592.0,0.0,9.64,0.0,0.673,0.0005428836000000001,0.9809434032441706
Propane,n-alkane,FALSE,671.0,0.0,9.98,0.0,0.259,0.00019076326500000004,0.3446926125288544
Isobutane,b-alkane,FALSE,491.0,0.0,9.83,0.0,0.673,0.00016135707,0.2915581781864618
Ethylene Oxide,oxygenated,TRUE,459.0,0.5,9.49,0.0,0.0,8.48255625e-05,0.15327240675690165
Methanol,oxygenated,TRUE,531.0,1.0,8.19,0.0,3.92,7.690851e-05,0.13896698212625747
Formaldehyde,oxygenated,TRUE,465.0,1.0,9.12,0.0,7.95,1.6814311499999998e-06,0.003038199707270139
