# Chemical Name,Group,HAP,SPECIATE_ID,O:C,log(C*),SOA Yield,MIR,Emissions [kg/person/year],% of Emissions
Ethanol,oxygenated,FALSE,442.0,0.5,8.0,0.0,3.44,0.0876720775,89.23860126735163
Formic Acid,oxygenated,FALSE,466.0,2.0,8.07,0.0,4.7,0.007495628,7.629559803010215
Benzene Derivates,aromatic,TRUE,303.0,0.0,8.6,0.423,0.721,0.0011979619749999998,1.2193671470882395
n-Butane,n-alkane,FALSE,592.0,0.0,9.64,0.0,0.673,0.0009637236,0.9809434032441704
Propane,n-alkane,FALSE,671.0,0.0,9.98,0.0,0.259,0.000338641765,0.34469261252885436
Isobutane,b-alkane,FALSE,491.0,0.0,9.83,0.0,0.673,0.00028644007,0.2915581781864618
Ethylene Oxide,oxygenated,TRUE,459.0,0.5,9.49,0.0,0.0,0.0001505818125,0.15327240675690165
Methanol,oxygenated,TRUE,531.0,1.0,8.19,0.0,3.92,0.00013652751,0.13896698212625747
Formaldehyde,oxygenated,TRUE,465.0,1.0,9.12,0.0,7.95,2.9848661499999994e-06,0.0030381997072701384
