# Chemical Name,Group,HAP,SPECIATE_ID,O:C,log(C*),SOA Yield,MIR,Emissions [kg/person/year],% of Emissions
Ethanol,oxygenated,FALSE,442.0,0.5,8.0,0.0,3.44,0.06776400750000001,89.23860126735161
Formic Acid,oxygenated,FALSE,466.0,2.0,8.07,0.0,4.7,0.005793564,7.629559803010213
Benzene Derivates,aromatic,TRUE,303.0,0.0,8.6,0.423,0.721,0.0009259356749999999,1.2193671470882395
n-Butane,n-alkane,FALSE,592.0,0.0,9.64,0.0,0.673,0.0007448868,0.9809434032441703
Propane,n-alkane,FALSE,671.0,0.0,9.98,0.0,0.259,0.000261744945,0.3446926125288543
Isobutane,b-alkane,FALSE,491.0,0.0,9.83,0.0,0.673,0.00022139690999999997,0.2915581781864617
Ethylene Oxide,oxygenated,TRUE,459.0,0.5,9.49,0.0,0.0,0.0001163885625,0.1532724067569016
Methanol,oxygenated,TRUE,531.0,1.0,8.19,0.0,3.92,0.00010552563000000001,0.13896698212625744
Formaldehyde,oxygenated,TRUE,465.0,1.0,9.12,0.0,7.95,2.30707995e-06,0.003038199707270138
