# Chemical Name,Emissions [kg/yr]
Propane,22.511365303212216
"Hydrocarbon Propellant (LPG, Sweetened)",21.514026334082565
Isomers of xylene,18.94944041346345
Toluene,15.10256153253478
Acetone,10.956480960867212
n-Butane,9.204013915110819
Isobutane,4.872713249176315
C7 Cycloalkanes,4.402539163729479
Aliphatics,4.2743098676985225
n-Heptane,2.2938796289982073
n-Undecane,2.008925637818306
n-Decane,1.9519348395823253
N-Octane,1.7382193461973994
Ethyl Benzene,1.4105222563405126
Aliphatics,1.3250360589865418
"Other, Misc. VOC Compounds Aggregated In Profile",1.2537975611915668
"cis-1,3-dimethylcyclohexane",1.1056214857780178
Ethanol,1.064303157056932
2-Methylheptane,0.9816664996147606
Ethylene Glycol Monobutyl Ether,0.8548619735397046
"2,6-dimethylnonane",0.645420790022477
Dipropylene Glycol Monomethyl Ether,0.6411464801547785
m-Xylene,0.6311730904634818
3-methylheptane,0.6197749308162857
"1,2,4-Trimethylbenzene",0.6197749308162857
"1,2,4-trimethylcyclopentane",0.5969786115218937
2-methylhexane,0.5798813720510996
"trans,trans-1,2,4-trimethylcyclohexane",0.5442621231536119
N-Nonane,0.5257401137269184
"1,2-dimethylcyclopentane",0.5171914939915213
N-Butyl Acetate,0.5129171841238227
1-Ethyl-2-Propyl Cyclohexane,0.49439517469712907
Ethylcyclohexane,0.454501615931943
Isopropyl Alcohol,0.44167868632884727
4-methylnonane,0.42173190694625423
Methyl Amyl Ketone,0.38611265804876665
"trans-1,4-dimethylcyclohexane",0.38326311813696756
"trans-1,3-dimethylcyclohexane",0.37328972844567093
2-methyldecane,0.37328972844567093
Methyl Propylcyclohexanes,0.36901541857797243
3-methyldecane,0.3447943293276808
"2,6-dimethylheptane",0.3419447894158818
"cis-1,cis-3,5-trimethylcyclohexane",0.3105998503860926
"trans,cis-1,2,4-trimethylcyclohexane",0.3006264606947961
"1,1,3-trimethylcyclohexane",0.3006264606947961
"1,1,3-trimethylcyclopentane",0.2963521508270975
4-methyldecane,0.2949273808711981
Cyclohexane,0.2849539911799015
5-methyldecane,0.283529221224002
"trans,trans-1,3,5-trimethylcyclohexane",0.283529221224002
"1,2,3-trimethylbenzene",0.283529221224002
Butylcyclohexane,0.27213106157680594
4-methylheptane,0.2707062916209064
Methanol,0.25645859206191135
Ethylene Glycol,0.18522009426693598
Methyl Ethyl Ketone (2-Butanone),0.1709723947079409
O-Xylene,0.0569907982359803
p-Xylene,0.0569907982359803
Propylene Glycol Monomethyl Ether Acetate,0.0569907982359803
Cyclohexanol,0.042743098676985225
n-Butyl Alcohol,0.042743098676985225
