# Chemical Name,Group,HAP,SPECIATE_ID,O:C,log(C*),SOA Yield,MIR,Emissions [kg/person/year],% of Emissions
Ethanol,oxygenated,FALSE,442.0,0.5,8.0,0.0,1.53,0.17231085000000002,89.23860126735163
Formic Acid,oxygenated,FALSE,466.0,2.0,8.07,0.0,0.066,0.014731919999999999,7.629559803010213
Benzene Derivates,aromatic,TRUE,303.0,0.0,8.6,0.281,0.721,0.0023544764999999996,1.2193671470882395
n-Butane,n-alkane,FALSE,592.0,0.0,9.64,0.0,1.15,0.0018941040000000002,0.9809434032441706
Propane,n-alkane,FALSE,671.0,0.0,9.98,0.0,0.489,0.0006655671000000001,0.34469261252885436
Isobutane,b-alkane,FALSE,491.0,0.0,9.83,0.0,1.23,0.0005629697999999999,0.29155817818646174
Ethylene Oxide,oxygenated,TRUE,459.0,0.5,9.49,0.0,0.0392,0.00029595375,0.15327240675690162
Methanol,oxygenated,TRUE,531.0,1.0,8.19,0.0,0.672,0.0002683314,0.13896698212625747
Formaldehyde,oxygenated,TRUE,465.0,1.0,9.12,0.0,9.46,5.866460999999999e-06,0.0030381997072701384
