# Chemical Name,Group,HAP,SPECIATE_ID,O:C,log(C*),SOA Yield,MIR,Emissions [kg/person/year],% of Emissions
Ethanol,oxygenated,FALSE,442.0,0.5,8.0,0.0,3.44,0.12672252250000002,89.23860126735164
Formic Acid,oxygenated,FALSE,466.0,2.0,8.07,0.0,4.7,0.010834292,7.629559803010216
Benzene Derivates,aromatic,TRUE,303.0,0.0,8.6,0.423,0.721,0.0017315520250000003,1.2193671470882401
n-Butane,n-alkane,FALSE,592.0,0.0,9.64,0.0,0.673,0.0013929804000000002,0.9809434032441708
Propane,n-alkane,FALSE,671.0,0.0,9.98,0.0,0.259,0.0004894778350000001,0.34469261252885447
Isobutane,b-alkane,FALSE,491.0,0.0,9.83,0.0,0.673,0.00041402473000000004,0.29155817818646185
Ethylene Oxide,oxygenated,TRUE,459.0,0.5,9.49,0.0,0.0,0.0002176531875,0.15327240675690165
Methanol,oxygenated,TRUE,531.0,1.0,8.19,0.0,3.92,0.00019733889000000002,0.13896698212625752
Formaldehyde,oxygenated,TRUE,465.0,1.0,9.12,0.0,7.95,4.314369849999999e-06,0.003038199707270139
