# Chemical Name,Group,HAP,SPECIATE_ID,O:C,log(C*),SOA Yield,MIR,Emissions [kg/person/year],% of Emissions
Ethanol,oxygenated,FALSE,442.0,0.5,8.0,0.0,3.44,0.0459417,89.23860126735163
Formic Acid,oxygenated,FALSE,466.0,2.0,8.07,0.0,4.7,0.00392784,7.629559803010216
Benzene Derivates,aromatic,TRUE,303.0,0.0,8.6,0.423,0.721,0.000627753,1.2193671470882397
n-Butane,n-alkane,FALSE,592.0,0.0,9.64,0.0,0.673,0.000505008,0.9809434032441706
Propane,n-alkane,FALSE,671.0,0.0,9.98,0.0,0.259,0.00017745420000000003,0.3446926125288544
Isobutane,b-alkane,FALSE,491.0,0.0,9.83,0.0,0.673,0.00015009960000000002,0.2915581781864618
Ethylene Oxide,oxygenated,TRUE,459.0,0.5,9.49,0.0,0.0,7.89075e-05,0.15327240675690165
Methanol,oxygenated,TRUE,531.0,1.0,8.19,0.0,3.92,7.15428e-05,0.1389669821262575
Formaldehyde,oxygenated,TRUE,465.0,1.0,9.12,0.0,7.95,1.564122e-06,0.0030381997072701393
