# Chemical Name,Group,HAP,SPECIATE_ID,O:C,log(C*),SOA Yield,MIR,Emissions [kg/person/year],% of Emissions
Formic Acid,oxygenated,FALSE,466.0,2.0,8.07,0.0,4.7,0.0299866035,81.46801155024988
n-Butane,n-alkane,FALSE,592.0,0.0,9.64,0.0,0.673,0.0038320989000000007,10.411098324186662
Propane,n-alkane,FALSE,671.0,0.0,9.98,0.0,0.259,0.00134896755,3.664893356271986
Isobutane,b-alkane,FALSE,491.0,0.0,9.83,0.0,0.673,0.00114275595,3.1046548814278605
Methanol,oxygenated,TRUE,531.0,1.0,8.19,0.0,3.92,0.00048545647499999994,1.3188947428622113
Formaldehyde,oxygenated,TRUE,465.0,1.0,9.12,0.0,7.95,1.19430885e-05,0.03244714500138891
