# Chemical Name,Group,HAP,SPECIATE_ID,O:C,log(C*),SOA Yield,MIR,Emissions [kg/person/year],% of Emissions
Ethanol,oxygenated,FALSE,442.0,0.5,8.0,0.0,1.53,0.184564066,89.23860126735164
Formic Acid,oxygenated,FALSE,466.0,2.0,8.07,0.0,0.066,0.0157795232,7.629559803010215
Benzene Derivates,aromatic,TRUE,303.0,0.0,8.6,0.281,0.721,0.00252190594,1.2193671470882401
n-Butane,n-alkane,FALSE,592.0,0.0,9.64,0.0,1.15,0.0020287958400000005,0.9809434032441708
Propane,n-alkane,FALSE,671.0,0.0,9.98,0.0,0.489,0.0007128963160000001,0.34469261252885447
Isobutane,b-alkane,FALSE,491.0,0.0,9.83,0.0,1.23,0.000603003208,0.2915581781864618
Ethylene Oxide,oxygenated,TRUE,459.0,0.5,9.49,0.0,0.0392,0.00031699935,0.15327240675690165
Methanol,oxygenated,TRUE,531.0,1.0,8.19,0.0,0.672,0.00028741274400000003,0.13896698212625752
Formaldehyde,oxygenated,TRUE,465.0,1.0,9.12,0.0,9.46,6.2836315599999996e-06,0.0030381997072701393
