# Chemical Name,Group,HAP,SPECIATE_ID,O:C,log(C*),SOA Yield,MIR,Emissions [kg/person/year],% of Emissions
Ethanol,oxygenated,FALSE,442.0,0.5,8.0,0.0,3.44,0.1144714025,89.2386012673516
Formic Acid,oxygenated,FALSE,466.0,2.0,8.07,0.0,4.7,0.009786867999999999,7.6295598030102125
Benzene Derivates,aromatic,TRUE,303.0,0.0,8.6,0.423,0.721,0.001564151225,1.2193671470882395
n-Butane,n-alkane,FALSE,592.0,0.0,9.64,0.0,0.673,0.0012583116000000002,0.9809434032441704
Propane,n-alkane,FALSE,671.0,0.0,9.98,0.0,0.259,0.00044215671500000004,0.34469261252885436
Isobutane,b-alkane,FALSE,491.0,0.0,9.83,0.0,0.673,0.00037399817000000003,0.2915581781864618
Ethylene Oxide,oxygenated,TRUE,459.0,0.5,9.49,0.0,0.0,0.00019661118749999997,0.1532724067569016
Methanol,oxygenated,TRUE,531.0,1.0,8.19,0.0,3.92,0.00017826080999999998,0.13896698212625744
Formaldehyde,oxygenated,TRUE,465.0,1.0,9.12,0.0,7.95,3.897270649999999e-06,0.003038199707270138
