# Chemical Name,Group,HAP,SPECIATE_ID,O:C,log(C*),SOA Yield,MIR,Emissions [kg/person/year],% of Emissions
Ethanol,oxygenated,FALSE,442.0,0.5,8.0,0.0,3.44,0.08001512749999999,89.23860126735163
Formic Acid,oxygenated,FALSE,466.0,2.0,8.07,0.0,4.7,0.006840988,7.629559803010216
Benzene Derivates,aromatic,TRUE,303.0,0.0,8.6,0.423,0.721,0.001093336475,1.21936714708824
n-Butane,n-alkane,FALSE,592.0,0.0,9.64,0.0,0.673,0.0008795556000000001,0.9809434032441708
Propane,n-alkane,FALSE,671.0,0.0,9.98,0.0,0.259,0.000309066065,0.3446926125288544
Isobutane,b-alkane,FALSE,491.0,0.0,9.83,0.0,0.673,0.00026142346999999996,0.2915581781864618
Ethylene Oxide,oxygenated,TRUE,459.0,0.5,9.49,0.0,0.0,0.0001374305625,0.15327240675690165
Methanol,oxygenated,TRUE,531.0,1.0,8.19,0.0,3.92,0.00012460371,0.13896698212625752
Formaldehyde,oxygenated,TRUE,465.0,1.0,9.12,0.0,7.95,2.72417915e-06,0.00303819970727014
