# Chemical Name,Group,HAP,SPECIATE_ID,O:C,log(C*),SOA Yield,MIR,Emissions [kg/person/year],% of Emissions
Ethanol,oxygenated,FALSE,442.0,0.5,8.0,0.0,3.44,0.056661430000000006,89.23860126735163
Formic Acid,oxygenated,FALSE,466.0,2.0,8.07,0.0,4.7,0.004844336,7.629559803010215
Benzene Derivates,aromatic,TRUE,303.0,0.0,8.6,0.423,0.721,0.0007742287000000001,1.21936714708824
n-Butane,n-alkane,FALSE,592.0,0.0,9.64,0.0,0.673,0.0006228432000000001,0.9809434032441706
Propane,n-alkane,FALSE,671.0,0.0,9.98,0.0,0.259,0.00021886018000000004,0.3446926125288544
Isobutane,b-alkane,FALSE,491.0,0.0,9.83,0.0,0.673,0.00018512284000000003,0.2915581781864618
Ethylene Oxide,oxygenated,TRUE,459.0,0.5,9.49,0.0,0.0,9.731925e-05,0.15327240675690165
Methanol,oxygenated,TRUE,531.0,1.0,8.19,0.0,3.92,8.823612000000001e-05,0.1389669821262575
Formaldehyde,oxygenated,TRUE,465.0,1.0,9.12,0.0,7.95,1.9290838e-06,0.003038199707270139
